time,C1M1Blevel,C1M2Blevel,C2M1Blevel,C2M2Blevel
1565792705.333,-21.474836,-21.474836,0.04336,0.0
1565792725.733,0.043369,-21.474836,0.04336,0.0
